id,gametask_name,AppID,Name
93,Partisans1941,1227530,Partisans 1941
94,AzurLaneCrosswave,1150080,Azur Lane Crosswave
95,Redfall,1294810,Redfall
96,CrimeBossRockayCity,2933080,Crime Boss: Rockay City
97,TheDarkPicturesAnthologyLittleHope,1194630,The Dark Pictures Anthology: Little Hope
98,SenuasSagaHellbladeII,2461850,Senua’s Saga: Hellblade II
99,DeadIsland2,934700,Dead Island 2
100,THEKINGOFFIGHTERSXV,1498570,THE KING OF FIGHTERS XV
101,TheDarkPicturesAnthologyHouseofAshes,1281590,The Dark Pictures Anthology: House of Ashes
102,MarvelsMidnightSuns,368260,Marvel's Midnight Suns
103,LikeADragonIshin,1805480,Like a Dragon: Ishin!
104,MARVELVSCAPCOMINFINITE,493840,Marvel vs. Capcom: Infinite
105,MechWarrior5Mercenaries,784080,MechWarrior 5: Mercenaries
106,TheQuarry,1577120,The Quarry
107,BattlefleetGothicArmadaII,363680,Battlefleet Gothic: Armada
108,XERA,625340,XERA: Survival
109,DestroyAllHumans2Reprobed,1266700,Destroy All Humans! 2 - Reprobed
110,RIDE4,1259980,RIDE 4
111,EvilWest,1065310,Evil West
112,LastOasis,903950,Last Oasis
113,SpaceHulkDeathwingEnhancedEdition,816090,Space Hulk: Deathwing Enhanced Edition
114,TheFront,2285150,The Front
115,BeyondtheWire,1058650,Beyond The Wire
116,StrategicMindThePacific,991810,Strategic Mind: The Pacific
117,GrandEmpriseTimeTravelSurvival,2236300,Grand Emprise: Time Travel Survival
118,PhantomDoctrine,559100,Phantom Doctrine
119,Trepang2,1164940,Trepang2
120,ONEPIECEODYSSEY,814000,ONE PIECE ODYSSEY
121,TerminatorResistance,954740,Terminator: Resistance
122,Automation,1698690,Automation
123,TCSM,1433140,The Texas Chain Saw Massacre
124,FadeToSilence,706020,Fade to Silence
125,DrugDealerSimulator2,1708850,Drug Dealer Simulator 2
126,SherlockHolmesTheAwakened,1949030,Sherlock Holmes The Awakened
127,DeathlyStillnessGame,1727650,死寂（Deathly Stillness）
128,ChainedTogether,2567870,Chained Together
129,ChooChooCharles,1766740,Choo-Choo Charles
130,Demonologist,1929610,Demonologist
131,Pacify,967050,Pacify
132,LastTrainHome,1469610,Last Train Home
133,KenaBridgeofSpirits,1954200,Kena: Bridge of Spirits
134,SherlockHolmesTheDevilsDaughter,350640,Sherlock Holmes: The Devil's Daughter
135,Maneater,629820,Maneater
136,Sifu,2138710,Sifu
137,MidnightGhostHunt,915810,Midnight Ghost Hunt
138,ProjectWingman,895870,Project Wingman
139,Palia,2707930,Palia
140,Visage,594330,Visage
141,WewhoareabouttoDie,973230,We Who Are About To Die
142,Hydroneer,1106840,Hydroneer
143,DarkDeception,332950,Dark Deception
144,Thymesia,1343240,Thymesia
145,XComEnemyUnknown,200510,XCOM: Enemy Unknown
146,BatmanArkhamCityGOTY,57400,Batman: Arkham City
147,Boltgun,2005010,"Warhammer 40,000: Boltgun"
148,POSTAL4,707030,POSTAL 4: No Regerts
149,BrothersATaleofTwoSons,225080,Brothers - A Tale of Two Sons
150,DaemonXMachina,1167450,DAEMON X MACHINA
151,RoboQuest,692890,Roboquest
152,TheCrust,1465470,The Crust
153,CrabChampions,774801,Crab Champions
154,OutlawsoftheOldWest,840800,Outlaws of the Old West
155,LandoftheVikings,1981570,Land of the Vikings
156,TheMeanGreensPlasticWarfare,360940,The Mean Greens - Plastic Warfare
157,CaptainSpirit,845070,The Awesome Adventures of Captain Spirit
158,TheBlackoutClub,599080,The Blackout Club
159,GolfIt,571740,Golf It!
160,BulletstormFullClipEdition,501590,Bulletstorm: Full Clip Edition
161,BatmanArkhamAsylumGOTY,35010,Batman: Arkham Asylum Game of the Year Edition
162,VALKYRIEELYSIUM,1963210,VALKYRIE ELYSIUM
163,KHOLAT,343710,Kholat
164,MurderedSoulSuspect,233290,Murdered: Soul Suspect
165,Farlight84,1928420,Farlight 84
166,Earthfall,415590,Earthfall
167,InVerbisVirtus,307860,In Verbis Virtus
168,VEILEDEXPERTS,1934780,VEILED EXPERTS
169,DeceiveInc,820520,Deceive Inc.
170,AvenColony,484900,Aven Colony
171,BlairWitch,1092660,Blair Witch
172,MeetYourMaker,1194810,Meet Your Maker
173,OmegaStrikers,1869590,Omega Strikers
174,SwordWithSauce,581630,Sword With Sauce
175,Superfuse,1770080,Superfuse
176,MIR4,1623660,MIR4
177,EnGarde,1654660,En Garde!
178,MoonsofMadness,1012840,Moons of Madness
179,ASYLUM,230210,ASYLUM
195,HYPERCHARGE Unboxed,523660,HYPERCHARGE: Unboxed
196,Junkyard Simulator,671970,Junkyard Simulator
197,Assetto Corsa Competizione,805550,Assetto Corsa Competizione
198,HyperParasite,838110,HyperParasite
199,Little Nightmares II,860510,Little Nightmares II
200,Cepheus Protocol,979640,Cepheus Protocol
201,Police Shootout,1279240,Police Shootout
202,Hello Neighbor 2,1321680,Hello Neighbor 2
203,Train Life A Railway Simulator,1330660,Train Life: A Railway Simulator
204,CRISIS CORE CFINAL FANTASY VIIC REUNION,1608070,CRISIS CORE –FINAL FANTASY VII– REUNION
205,RIDE 5,1650010,RIDE 5
206,Moon Mystery,1933840,Moon Mystery
207,Train Sim World03 3,1944790,Train Sim World® 3
208,Enotria The Last Song,2102450,Enotria: The Last Song
209,Shoulders of Giants Ultimate,2283880,Shoulders of Giants: Ultimate
210,Pirates Journey,2099670,Pirates Journey
211,MotoGP6423,2100160,MotoGP™23
212,REMNANT II03,1282100,Remnant II
213,GYLT,2206210,GYLT
214,DRAGON BALL Sparking ZERO,1790600,DRAGON BALL: Sparking! ZERO
215,Retail Company Simulator,3089130,Retail Company Simulator
216,Ultra Age,1683100,Ultra Age
217,HARVESTELLA,1816300,HARVESTELLA
218,Fae Farm,2230110,Fae Farm
219,DeathSprint 66,1273560,DeathSprint 66
220,BEAST False Prophet,2218680,Interregnum: False Prophet
221,Beat Hazard 3,1493520,Beat Hazard 3
222,Tails Noir,1283410,Tails of Iron
223,Stray Souls,1807210,Stray Souls
224,KINGDOM HEARTS III  Re Mind DLC,2552450,KINGDOM HEARTS III + Re Mind (DLC)
225,Trials of Mana,924980,Trials of Mana
226,No One Survived,1963370,No One Survived
227,Still Wakes the Deep,1622910,Still Wakes the Deep
228,First Dwarf,1714900,First Dwarf
229,Gori Cuddly Carnage,1299690,Gori: Cuddly Carnage
230,Ship Graveyard Simulator 2,2201940,Ship Graveyard Simulator 2
231,Backrooms Escape Together,2141730,Backrooms: Escape Together
232,Immortals of Aveum64,2009100,Immortals of Aveum™
233,Outcast  A New Beginning,1013140,Outcast - A New Beginning
234,SpongeBob SquarePants The Cosmic Shake,1282150,SpongeBob SquarePants: The Cosmic Shake
235,Stray Blade,1621990,Stray Blade
236,Borderlands Game of the Year Enhanced,729040,Borderlands Game of the Year Enhanced
237,Bum Simulator,855740,Bum Simulator
238,EVERSPACE64,396750,EVERSPACE™
239,Man in the Dark,2694920,Man in the Dark
240,QUBE 2,359100,Q.U.B.E. 2
241,The Invincible,731040,The Invincible
242,A House of Thieves,1506760,A House of Thieves
243,Industry Giant 40,1129570,Industry Giant 4.0
244,Aliens Dark Descent,1150440,Aliens: Dark Descent
245,Witchfire,3156770,Witchfire
246,Empire of the Ants,2287330,Empire of the Ants
247,The Talos Principle 2,835960,The Talos Principle 2
248,Metro Awakening,2669410,Metro Awakening
249,Under The Waves,1975440,Under The Waves
250,Way of the Hunter,1288320,Way of the Hunter
251,Park Beyond,1368130,Park Beyond
252,Lunch Lady,1571440,Lunch Lady
253,INDIKA,1373960,INDIKA
254,INDUSTRIA,1172650,INDUSTRIA
255,Blood Bowl 3,1016950,Blood Bowl 3
256,Granny Remake,2110820,Granny Remake
257,The Seven Awakenings I Randall,2259290,The Seven Awakenings: I Randall
258,Jonesville,2855500,Jonesville
259,The Cursed Legacy,2824210,The Cursed Legacy
260,Warstride Challenges,1608470,Warstride Challenges
261,Might  Magic03 Heroes03 VII,321960,Might & Magic® Heroes® VII
262,Total Conflict Resistance,1860510,Total Conflict: Resistance
263,Alaskan Road Truckers,849100,Alaskan Road Truckers
264,Gangs of Sherwood,1351000,Gangs of Sherwood
265,Sea of Thieves 2024 Edition,3326220,Game the Vote 2024 Red Edition
266,Bastide,1115450,Bastide
267,MotoGP6422,1710580,MotoGP™22
268,Unholy,817020,Unholy
269,RIDE 3,759740,RIDE 3
270,Ranch Simulator Build Hunt Farm,1638340,Cat Simulator : Animals on Farm
271,Returnal64,1649240,Returnal™
272,The Sinking City,750130,The Sinking City
273,TEKKEN 8,1778820,TEKKEN 8
274,ALTF4,1137460,ALTF4
275,The Thaumaturge,1684350,The Thaumaturge
276,Manic Mechanics,2569820,Manic Mechanics
277,Bus Simulator 21 Next Stop,976590,Bus Simulator 21
278,Last Whisper,2172320,Last Whisper
279,Witchs Doll,2892000,Witch's Doll
280,Astro Colony,1614550,Astro Colony
281,IfSunSets,2271930,IfSunSets
282,Sands of Aura,1119840,Sands of Aura
283,Mass Effect64 3 N7 Digital Deluxe Edition 2012,1238020,Mass Effect™ 3 N7 Digital Deluxe Edition (2012)
284,Loopmancer,1650810,Loopmancer
285,Shenmue III,878670,Shenmue III
286,Fireworks Mania  An Explosive Simulator,1079260,Fireworks Mania - An Explosive Simulator
287,MX vs ATV Legends,1205970,MX vs ATV Legends
288,Echo Point Nova,1836730,Echo Point Nova
289,The Last Oricru  Final Cut,1663640,The Last Oricru
290,Orcs Must Die 3,1522820,Orcs Must Die! 3
291,Panzer Corps 2,1072040,Panzer Corps 2
292,Boti Byteland Overclocked,2161050,Boti: Byteland Overclocked
293,New Tales from the Borderlands,1454970,New Tales from the Borderlands
294,Tribe Primitive Builder,1059900,Tribe: Primitive Builder
295,Soulslinger Envoy of Death,2429240,Soulslinger: Envoy of Death
296,Ancestors The Humankind Odyssey,536270,Ancestors: The Humankind Odyssey
297,GetsuFumaDen Undying Moon,1323470,GetsuFumaDen: Undying Moon
299,Ghostwire Tokyo,1475810,Ghostwire: Tokyo
300,Mass Effect 2 2010 Edition,2362420,Mass Effect 2 (2010) Edition
301,Citadel Forged with Fire,487120,Citadel: Forged with Fire
302,Driftland The Magic Revival,718650,Driftland: The Magic Revival
303,Togges,1550270,Togges
304,Aquanox Deep Descent,254370,Aquanox Deep Descent
305,Shadow Complex Remastered,385560,Shadow Complex Remastered
306,Estranged The Departure,582890,Estranged: The Departure
307,Psychonauts 2,607080,Psychonauts 2
308,Red Solstice 2 Survivors,768520,Red Solstice 2: Survivors
309,Motor Town Behind The Wheel,1369670,Motor Town: Behind The Wheel
310,Storage Hunter Simulator,1442430,Storage Hunter Simulator
311,ANVIL,1487390,ANVIL
312,Rogue Spirit,1554970,Rogue Spirit
313,Unknown 9 Awakening,1477940,Unknown 9: Awakening
314,SWORD ART ONLINE Last Recollection,1566880,SWORD ART ONLINE Last Recollection
315,Railroads Online,1696810,RAILROADS Online!
316,Zombie Builder Defense 2,1638950,Zombie Builder Defense 2
317,The Dark Pictures Anthology The Devil in Me,1567020,The Dark Pictures Anthology: The Devil in Me
318,Ratten Reich,1717250,Ratten Reich
319,The Axis Unseen,1807810,The Axis Unseen
320,Samurai Bringer,1851280,Samurai Bringer
321,SWORD ART ONLINE Fractured Daydream,1858630,SWORD ART ONLINE Fractured Daydream
322,Furnish Master,2004080,Furnish Master
323,Monster Jam64 Showdown,2350280,Monster Jam™ Showdown
324,Dead end Exit 8,2780270,Dead end Exit 8
325,Only Up 2,2653170,Only Up 2
326,VARIOUS DAYLIFE,1897050,VARIOUS DAYLIFE
327,SILENT HILL 2,2124490,SILENT HILL 2
328,ENTANGLED SOULS,2160840,ENTANGLED SOULS
329,Monster Jam Steel Titans,824280,Monster Jam Steel Titans
330,Absolute Tactics Daughters of Mercy,1636660,Absolute Tactics: Daughters of Mercy
331,Killsquad,910490,Killsquad
332,Call of the Sea,1042490,Call of the Sea
333,Song of Nunu A League of Legends Story,1333200,Song of Nunu: A League of Legends Story
334,Banishers Ghosts of New Eden,1493640,Banishers: Ghosts of New Eden
335,Soulstice,1602080,Soulstice
336,PolyRoyale,2085330,PolyRoyale
337,JOY OF PROGRAMMING  Software Engineering Simulator,2216770,JOY OF PROGRAMMING - Software Engineering Simulator
338,Train Sim World03 4,2362300,Train Sim World® 4
339,WitchIt,559650,Witch It
340,Weird West Definitive Edition,1097350,Weird West
341,Hunting Simulator,585080,Hunting Simulator
342,Paws and Soul,911510,Paws and Soul
343,TRAIL OUT,1664220,TRAIL OUT
344,Goat Simulator Remastered,1762930,Goat Simulator: Remastered
345,Grocery Store Simulator,2961880,Grocery Store Simulator
346,HumanitZ,1766060,HumanitZ
347,Industries of Titan,427940,Industries of Titan
348,ATLAS,834910,ATLAS
349,Scars Above,1196090,Scars Above
350,Animal Rescuer,1428780,Animal Rescuer
351,Granblue Fantasy Versus Rising,2157560,Granblue Fantasy Versus: Rising
352,Strayed Lights,2162020,Strayed Lights
353,VOIDCRISIS,1817560,VOIDCRISIS
354,Hellbreach Vegas,1691320,Hellbreach: Vegas
355,Zombie Soup,1095290,Zombie Soup
356,GUNDAM BREAKER 4,1672500,GUNDAM BREAKER 4
357,Finding Frankie,2597970,Finding Frankie
358,XCOM03 2,268500,XCOM® 2
359,FIGHTING EX LAYER,871200,FIGHTING EX LAYER
360,Backrooms Break,2248330,Backrooms Break
361,Protodroid DeLTA,1276740,Protodroid DeLTA
362,Gotham Knights,1496790,Gotham Knights
363,Achilles Legends Untold,1314000,Achilles: Legends Untold
364,Dungeon Defenders Awakened,1101190,Dungeon Defenders: Awakened
365,SCARLET NEXUS,775500,SCARLET NEXUS
366,Wizard of Legend 2,2193540,Wizard of Legend 2
367,Taxi Life A City Driving Simulator,1351240,Taxi Life: A City Driving Simulator
368,THE IDOLMSTER STARLIT SEASON,3411030,The Killer Pass: Season 1
369,Evil Nun The Broken Mask,1460220,Evil Nun: The Broken Mask
370,BURGLARS BAZAAR,2639690,BURGLAR'S BAZAAR
371,Harmonis the handmade kingdoms,2429540,Harmonis: the hand-made kingdoms
372,SD GUNDAM BATTLE ALLIANCE,824550,SD GUNDAM BATTLE ALLIANCE
373,The Smurfs 2  The Prisoner of the Green Stone,2397500,The Smurfs 2 - The Prisoner of the Green Stone
374,Jujutsu Kaisen Cursed Clash,1877020,Jujutsu Kaisen Cursed Clash
1241,AbioticFactor,427410,Abiotic Factor
1242,AceCombat7,502500,ACE COMBAT™ 7: SKIES UNKNOWN
1243,AncestorsLegacy,620590,Ancestors Legacy
1244,ARKSurvivalAscended,2399830,ARK: Survival Ascended
1245,ASTRONEER,361420,ASTRONEER
1246,AtomicHeart,668580,Atomic Heart
1247,AWayOut,1222700,A Way Out
1248,BlessUnleashed,1254120,Bless Unleashed
1249,Bodycam,2406770,Bodycam
1250,Borderlands3,397540,Borderlands 3
1251,Breathedge,738520,Breathedge
1252,BrightMemory_EP1,955050,Bright Memory
1253,CODEVEIN,678960,CODE VEIN
1254,CoralIsland,1158160,Coral Island
1255,Darksiders3,606280,Darksiders III
1256,Dauntless,331370,Dauntless
1257,DeadByDaylight,381210,Dead by Daylight
1258,DeepRockGalactic,548430,Deep Rock Galactic
1259,Desolate,671510,DESOLATE
1260,DRAGONBALLZKAKAROT,851850,DRAGON BALL Z: KAKAROT
1261,DreadHunger,1418630,Dread Hunger
1262,EmpiresoftheUndergrowth,463530,Empires of the Undergrowth
1263,EscapeTheBackrooms,1943950,Escape the Backrooms
1264,Foxhole,505460,Foxhole
1265,Ghostrunner,1139900,Ghostrunner
1266,Gollum,1265780,The Lord of the Rings: Gollum™
1267,Grounded,962130,Grounded
1268,Hellblade 2,2461850,Senua’s Saga: Hellblade II
1269,HellLetLoose,686810,Hell Let Loose
1270,HiFiRUSH,1817230,Hi-Fi RUSH
1271,HighOnLife,1583230,High On Life
1272,HogwartsLegacy,990080,Hogwarts Legacy
1273,Icarus,1149460,ICARUS
1274,ItTakesTwo,1426210,It Takes Two
1275,KenaBridgeofSpirits,1954200,Kena: Bridge of Spirits
1276,KurtzPel,844870,KurtzPel
1277,LiesofP,1627720,Lies of P
1278,LittleNightmaresII,424840,Little Nightmares
1279,LordsoftheFallen,1501750,Lords of the Fallen
1280,ManorLords,1363080,Manor Lords
1281,MarvelMidnightSuns,368260,Marvel's Midnight Suns
1282,MedievalDynasty,1129580,Medieval Dynasty
1283,MeetYourMaker,1194810,Meet Your Maker
1284,MistSurvival,914620,Mist Survival
1285,Mordhau,629760,MORDHAU
1286,MortalKombat1,1971870,Mortal Kombat 1
1287,MutantYearZero,760060,Mutant Year Zero: Road to Eden
1288,NarutoToBoruto,633230,NARUTO TO BORUTO: SHINOBI STRIKER
1289,Octopath_Traveler2,1971650,OCTOPATH TRAVELER II
1290,PacificDrive,1458140,Pacific Drive
1291,Palworld,1623730,Palworld
1292,PAYDAY3,1272080,PAYDAY 3
1293,PHtest,1010150,PASHTET
1294,PoliceSimulatorPatrolOfficers,997010,Police Simulator: Patrol Officers
1295,PoppyPlaytime,1721470,Poppy Playtime
1296,Quarters,1287180,Squares
1297,ReadyOrNot,1144200,Ready or Not
1298,Remnant,574180,Remnants
1299,RogueCompany,872200,Rogue Company
1300,sandstorm,548710,Sandstorm
1301,Satisfactory,526870,Satisfactory
1302,Scorn,698670,Scorn
1303,SCUM,513710,SCUM
1304,Sifu,2138710,Sifu
1305,SixDaysinFallujah,1548850,Six Days in Fallujah
1306,SoulcaliburVI,544750,SOULCALIBUR VI
1307,Squad,393380,Squad
1308,StarWarsJediSurvivor,1774580,STAR WARS Jedi: Survivor™
1309,StateofDecay2,495420,State of Decay 2: Juggernaut Edition
1310,Stray,1332010,Stray
1311,SystemShockRemake,482400,System Shock
1312,TalesofArise,740130,Tales of Arise
1313,TEKKEN7,389730,TEKKEN 7
1314,TheAscent,979690,The Ascent
1315,TheCallistoProtocol,1544020,The Callisto Protocol™
1316,TheCycle,868270,The Cycle: Frontier
1317,TheFirstDescendant,2074920,The First Descendant
1318,TheForeverWinter,2828860,The Forever Winter
1319,TheIsle,376210,The Isle
1320,TheKingofFightersXV,2285080,THE KING OF FIGHTERS XV Playtest
1321,TheOutlastTrials,1304930,The Outlast Trials
1322,ThroneandLiberty,2429640,THRONE AND LIBERTY
1323,TinyTinaWonderlands,1286680,Tiny Tina's Wonderlands
1324,TribesofMidgard,858820,Tribes of Midgard
1325,Tropico6,492720,Tropico 6
1326,Undecember,1549250,UNDECEMBER
1327,Vampyr,427290,Vampyr
1328,Voidtrain,1159690,Voidtrain
1329,Wayfinder,1171690,Wayfinder
1330,WeHappyFew,320240,We Happy Few
1331,WitchIt,559650,Witch It
1332,Wukong,2358720,Black Myth: Wukong
1336,FinalFantasyVIIRemake,239120,Final Fantasy III (3D Remake)
,,,
1337,chivalrymedievalwarfare,219640,Chivalry: Medieval Warfare
1338,Farlight 84,1928420,Farlight 84
1339,Splitgate,677620,Splitgate
1340,The First Descendant,2074920,The First Descendant
1341,ACE COMBAT 7,502500,ACE COMBAT™ 7: SKIES UNKNOWN
1342,DaemonXMachina,1167450,DAEMON X MACHINA
1343,Devil May Cry 5,601150,Devil May Cry 5
1344,Dragons Dogma 2,2054970,Dragon's Dogma 2
1345,Empires of the Undergrowth,463530,Empires of the Undergrowth
1346,RESIDENT EVIL RESISTANCE,1236300,Resident Evil Re:Verse
1347,Street Fighter 6,1364780,Street Fighter™ 6
1348,Resident Evil ReVerse,1236300,Resident Evil Re:Verse
1349,Resident Evil Village BIOHAZARD VILLAGE,418370,Resident Evil 7 Biohazard
1350,Space Marine 2,2183900,"Warhammer 40,000: Space Marine 2"
1351,P3R,1149220,P.3
1352,PUBG,578080,PUBG: BATTLEGROUNDS
1353,Tiny Tina's Wonderlands,1286680,Tiny Tina's Wonderlands
1354,RE3,654940,RXE
1355,RESIDENT EVIL 2  BIOHAZARD RE2,883710,Resident Evil 2
1356,RESIDENT EVIL 4  BIOHAZARD RE4,254700,Resident Evil 4
1357,"Warhammer 40,000 DARKTIDE",1361210,"Warhammer 40,000: Darktide"
1358,OCTOPATHTRAVELER,921570,OCTOPATH TRAVELER™
1359,HW2,1019420,h2
1360,Kingdoms Reborn,1307890,Kingdoms Reborn
1361,Lies of P,1627720,Lies of P
1362,MONSTER HUNTER RISE SUNBREAK DEMO,1836450,Monster Hunter Rise: Sunbreak Demo
1363,DGW-HK-2022-12-08-15,1880420,DoDodge2020
1364,DIDE,687270,Divide
1365,Call of Duty Black Ops III,311210,Call of Duty®: Black Ops III
1366,TheOuterWorlds,578650,The Outer Worlds
1367,SMITE,386360,SMITE®
1368,DaysGone,1259420,Days Gone
1369,ConanExiles,440900,Conan Exiles
1370,HaloTheMasterChiefCollection,976730,Halo: The Master Chief Collection
1371,SidMeierCivilizationVI,289070,Sid Meier’s Civilization® VI
1372,Back4Blood,924970,Back 4 Blood
1373,FINALFANTASYVIIREMAKE,239120,Final Fantasy III (3D Remake)
1374,StarshipTroopersExtermination,1268750,Starship Troopers: Extermination
1375,OUTRIDERS,680420,OUTRIDERS
1376,EdithFinch,252630,Eldritch
1377,HelloNeighbor,521890,Hello Neighbor
1378,NightoftheDead,1377380,Night of the Dead
1379,SengokuDynasty,1702010,Sengoku Dynasty
1380,ABZU,384190,ABZU
1381,DeltaForce,32620,Delta Force
1382,Bloodhunt,1926270,Bloodhound
1383,DarkandDarker,2016590,Dark and Darker
1384,DirtyBomb,333930,Dirty Bomb®
1385,CallofDutyHQ,2620,Call of Duty®
1386,2144740Ghostrunner2,2144740,Ghostrunner 2
1387,2287520_HW2,3395920,25920
1388,770390_Draugen,770390,Draugen
1389,620190_Gunsmith,620190,Gunsmith
1390,1946700_LayersofFear,1946700,Layers of Fear
1391,1003590_TetrisEffectConnected,1003590,Tetris® Effect: Connected
1392,1676130_Deadlink,1676130,Deadlink
1393,850190_GoatSimulator3,850190,Goat Simulator 3
1394,691280_SINNER,990020,SINNERS
1395,1161490_MotoGP20,1161490,MotoGP™20
1396,426310_Perception,426310,Perception
1397,1048100_Peekaboo,1048100,Peekaboo
1398,555000_GoatofDuty,555000,GOAT OF DUTY
1399,1583320_ProSoccerOnline,1583320,Pro Soccer Online
1400,975470_SilverChains,975470,Silver Chains
1401,2616420_HANS,1063230,6120
1402,857940_NatureCalls,857940,Nature Calls
1403,692100_Infliction,692100,Infliction
1404,964570_DCLTheGame,964570,DCL - The Game
1405,430070_NeverAgain,430070,Never Again
1406,2170420_StarsiegeDeadzone,2170420,Starsiege: Deadzone
1407,852300_CreatureInTheWell,852300,Creature in the Well
1408,589320_CatchaLover,589320,Catch a Lover
1409,1085160_DeadOrphanage,2190960,The Orphanage
1410,1215090_MyFriendisaRaven,1215090,My Friend is a Raven
1411,1648610_Malum,1648610,Malum
1412,1123400_TheLandofExile,1123400,The Land of Exile
1413,1073820_LoveSam,1073820,"Love, Sam"
1414,1953760_Symbiotic,1953760,Symbiotic
1415,2567040_OnlyUp,2381590,Only Up!
1416,1611430_TheBridgeCurse,204240,The Bridge
1417,2780980_LOCKDOWNProtocol,2780980,LOCKDOWN Protocol
1418,1178490_港詭實錄ParanormalHK,1178490,港詭實錄ParanormalHK
1419,1977170_Jusant,1977170,Jusant
1420,1098940_HomeSweetHomeEP2,1098940,Home Sweet Home EP2
1421,630630_ApexLegends,630630,Apex
1422,1681430_robocoproguecity,1681430,RoboCop: Rogue City
1423,2437170_smite,2480720,10MINUTES
1424,2341680_livewithmary,2341680,Live with Mary
1425,1563130_superpower,1563130,SuperPower 3
1426,502520_UltimateGeneralCivilWar,502520,Ultimate General: Civil War
1427,1343340_horrortalesthebeggar,1343340,HORROR TALES: The Beggar
1428,1193680_alieninvasiondpart,1193680,Alien Invasion 3D part 2
1429,726590_nbakplaygrounds,726590,NBA 2K Playgrounds 2
1430,1880890_lostembervredition,1880890,LOST EMBER - VR Edition
1431,2669610_westernredemption,2669610,Western Redemption
1432,1448760_theplaneeffect,1448760,The Plane Effect
1433,950670_gothicplayableteaser,950670,Gothic Playable Teaser
1434,699760_tripleotakuspuzzle,699760,Triple Otakus Puzzle
1435,861350_gymsimulator,861350,Gym Simulator
1436,1194680_zookeepersimulator,1194680,ZooKeeper Simulator
1437,1378290_thecitadel,1378290,The Citadel
1438,789890_CityPatrolPolice,789890,City Patrol: Police
1439,2266910_ChineseExpeditionaryForceAssaultTeam,2266910,Chinese Expeditionary Force - Assault Team
1440,2084940_mysteriousschool,2084940,Mysterious School
1441,2369140_,2010310,369
1442,887800_snooker,887800,Snooker 19
1443,1549060_waifuimpact,1549060,WAIFU IMPACT
1444,1057770_storyofonenight,1057770,Story of one Night
1445,1145630_beastfalseprophet,2218680,Interregnum: False Prophet
1446,878670_shenmueiii,878670,Shenmue III
1447,2071500_IslandsofInsight,2071500,Islands of Insight
1448,1599660_SackboyABigAdventure,1599660,Sackboy™: A Big Adventure
1449,846470_Moss,846470,Moss
1450,893950_russiasimulator,893950,RUSSI.A SIMULATOR
1451,1077290_supersmashphysicsbattle,1077290,SuperSmash: Physics Battle
1452,1051310_paperdollsoriginal,1051310,Paper Dolls: Original / 纸人
1453,939850_thedarkpicturesanthologymanofmedan,939850,The Dark Pictures Anthology: Man of Medan
1454,1588560_theswordsmenxsurvival,1588560,The Swordsmen X: Survival
1455,2144740_ghostrunner,2144740,Ghostrunner 2
1456,1159420_robinhoodsherwoodbuilders,1159420,Robin Hood - Sherwood Builders
1457,960740_girlscivilization,960740,Girls' civilization
1458,2223840_thecastingoffrankstone,2223840,The Casting of Frank Stone™
1459,2172010_untildawn,2172010,Until Dawn™
1460,1170950_mortalonline,1170950,Mortal Online 2
1461,985830_succubus,985830,SUCCUBUS
1462,2552450_kingdomheartsiiireminddlc,2552450,KINGDOM HEARTS III + Re Mind (DLC)
1463,1214470_hotelrenovator,1214470,Hotel Renovator
1464,1310410_aloneinthedark,1310410,Alone in the Dark
1465,1222370_necromundahiredgun,1222370,Necromunda: Hired Gun
1466,623280_dungeonsdragonsdarkalliance,623280,Dungeons & Dragons: Dark Alliance
1467,1922060_brvrbackroomsvirtualreality,1922060,BrVR Backrooms Virtual Reality
1468,1947500_thewalkingdeadsaintssinnerschapterretribution,1947500,The Walking Dead: Saints & Sinners - Chapter 2: Retribution
1469,2186700_contain,2186700,Contain
1470,1293160_themedium,1293160,The Medium
1471,1524370_astelliaroyal,1071800,Caterpillar Royale
1472,2903950_masterdetectivearchivesraincodeplus,2903950,Master Detective Archives: RAIN CODE Plus
1473,1106750_faultelderorb,1106750,Fault: Elder Orb
1474,1589120_abovesnakes,1589120,Above Snakes
1475,696650_blackday,696650,BLACK DAY
1476,1563180_internetcafesimulator2,1563180,Internet Cafe Simulator 2
1477,968870_closetothesun,968870,Close to the Sun
1478,1839940_dakardesertrally,1839940,Dakar Desert Rally
1479,2184150_deadmatter,2184150,Dead Matter
1480,928960_godfallultimateedition,928960,Godfall Ultimate Edition
1481,1981610_wanteddead,1981610,Wanted: Dead
1482,2233120_aquietplacetheroadahead,2233120,A Quiet Place: The Road Ahead
1483,722180_survv,659120,Survive
1484,1214650_southparksnowday,1214650,SOUTH PARK: SNOW DAY!
1485,1265780_thelordoftheringsgollum,1265780,The Lord of the Rings: Gollum™
1486,1184050_gearstactics,1184050,Gears Tactics
1487,1097050_thefightofescaper,1097050,The Fight Of Escaper
1488,1566690_outpostinfinitysiege,1566690,Outpost: Infinity Siege
1489,1636030_crossfiresierrasquad,1636030,Crossfire: Sierra Squad
1490,MyAvatar,1175690,MyStar
1491,792300_thebeastinside,792300,The Beast Inside
1492,1816670_gundamevolution,1816670,GUNDAM EVOLUTION
1493,2235820_jackholmesmasterofpuppets,2235820,Jack Holmes : Master of Puppets
1494,1265920_lifeisstrangeremastered,1265920,Life is Strange Remastered
1495,2171880_albatroz,2171880,Albatroz
1496,834280_fishingsimworldprotour,834280,Fishing Sim World®: Pro Tour
1497,907470_irisfall,907470,Iris.Fall
1498,2116120_incursionredriver,2116120,Incursion Red River
1499,1105590_dreamcycle,1105590,Dream Cycle
1500,1573280_ww2rebuilder,1573280,WW2 Rebuilder
1501,920680_destinyhunter,1028830,Destiny Hunter
1502,1153640_chorus,1153640,Chorus
1503,347000_innerspace,347000,InnerSpace
1504,331810_lostregion,331810,Lost Region
1505,1414650_edengatetheedgeoflife,1414650,EDENGATE: The Edge of Life
1506,1149560_deathverseletitdie,1149560,DEATHVERSE: LET IT DIE
1507,1926270_bloodhound,1926270,Bloodhound
1508,1843310_funkofusion,1843310,Funko Fusion
1509,1341170_strategicmindspectreofcommunism,1341170,Strategic Mind: Spectre of Communism
1510,1200330_strategicmindblitzkrieg,1200330,Strategic Mind: Blitzkrieg
1511,1577250_thechant,1577250,The Chant
1512,574180_remsurvival,2926890,8minSurvival
1513,790540_thequietman,790540,THE QUIET MAN™
1514,1381850_strategicmindfightforfreedom,1381850,Strategic Mind: Fight for Freedom
1515,789950_infernium,789950,INFERNIUM
1516,2803360_projectl33t,2803360,Project L33T
1517,1205480_monsterjamsteeltitans2,1205480,Monster Jam Steel Titans 2
1518,2153350_brothersataleoftwosonsremake,2153350,Brothers: A Tale of Two Sons Remake
1519,2381590_onlyup,2381590,Only Up!
1520,530070_trainsimworld2020,530070,Train Sim World® 2020
1521,962130_grounded,962130,Grounded
1522,2096030_snowplowingsimulator,2096030,Snow Plowing Simulator
1523,1799930_redout2,1799930,Redout 2
1524,2581700_motogp,1447000,MotoGP™21
1525,1004270_myisland,1004270,My Island
1526,803330_destroyallhumans,803330,Destroy All Humans!
1527,2187130_rabatprotocol,1107750,Faraday Protocol
1528,515960_mid,561480,96 Mill
1529,2594540_motelmanagersimulator,2594540,Motel Manager Simulator
1530,2933130_thelordoftheringsreturntomoria,2933130,The Lord of the Rings: Return to Moria™
1531,1097840_gears5,1097840,Gears 5
1532,998400_transsiberianrailwaysimulator,998400,Trans-Siberian Railway Simulator
1533,1128920_everspace2,1128920,EVERSPACE™ 2
1534,886060_redout,269790,DreadOut
1535,2280320_amigokebabsimulator,2280320,Amigo: Kebab Simulator
1536,1149620_gasstationsimulators,1149620,Gas Station Simulator
1537,2000890_mechwarrior5clans,2000890,MechWarrior 5: Clans
1538,2951890_thecursedtape,2951890,The Cursed Tape
1539,1979440_sandland,1979440,SAND LAND
1540,2176430_testament,1940100,Times Table Hunt
1541,1872550_destroyallhumansclonecarnage,1872550,Destroy All Humans! – Clone Carnage
1542,1040420_dreamscaper,1040420,Dreamscaper
1543,1682970_uncrashedfpvdronesimulator,1682970,Uncrashed : FPV Drone Simulator
1544,1524630_keepupsurvival,1524630,KeepUp Survival
1545,2448030_pineharbor,2448030,Pine Harbor
1546,1101790_warmongrels,1101790,War Mongrels
1547,987840_expeditionsrome,987840,Expeditions: Rome
1548,1812450_bellwright,1812450,Bellwright
1549,471010_sevenenhancededition,471010,Seven: Enhanced Edition
1550,1255560_myst,3290210,250ms
1551,587520_dungeonsofsundaria,587520,Dungeons of Sundaria
1552,1658920_crownwars,294370,Crowntakers
1553,1918970_eresys,1918970,Eresys
1554,1203930_thelasthaven,1203930,The Last Haven
1555,2432000_insidethelabs,2432000,Inside the Labs
1556,2093010_supernatural,2093010,Supernatural
1557,2698780_contractville,2698780,ContractVille
1558,437630_stateofmind,437630,State of Mind
1559,1881200_trypfpvthedroneracersimulator,1881200,TRYP FPV : The Drone Racer Simulator
1560,1442820_rtypefinal2,1442820,R-Type Final 2
1561,1955800_converbots,2109390,Overboss
1562,991170_barnfinders,991170,Barn Finders
1563,946920_paranoid,946920,PARANOID
1564,598440_rootsofinsanity,598440,Roots of Insanity
1565,1520420_thehopebringer,1520420,The Hopebringer
1566,956680_masserbuilder,2324120,Master Builder
1567,2304440_creaturesofava,2304440,Creatures of Ava
1568,1983990_nexusx,2721980,Nexus PI
1569,899390_xenonracer,899390,Xenon Racer
1570,1370050_trektoyomi,1370050,Trek to Yomi
1571,509980_bigfoot,509980,BIGFOOT
1572,1549970_aliensfireteamelite,1549970,Aliens: Fireteam Elite
1573,2701660_unicornoverlord,291370,Undead Overlord
1574,428660_deliverusthemoon,428660,Deliver Us The Moon
1575,896950_jumanjithevideogame,896950,JUMANJI: The Video Game
1576,1649010_miasmachronicles,1649010,Miasma Chronicles
1577,3198360_escapetoonkingdom,3198360,Escape Toon Kingdom
1578,1820140_slavicpunkoldtimer,1820140,SlavicPunk: Oldtimer
1579,772540_battleroyaletrainer,772540,Battle Royale Trainer
1580,1641960_foreverskies,1641960,Forever Skies
1581,2751980_earthfireandwind,2751980,"Earth, Fire, And Wind"
1582,1172380_starwarsjedifallenorder,1172380,STAR WARS Jedi: Fallen Order™
1583,1521580_perfectheist2,1521580,Perfect Heist 2
1584,301840_cityofbrass,301840,City of Brass
1585,1271700_hotwheelsunleashed,1271700,HOT WHEELS UNLEASHED™
1586,1646850_spacebourne,1646850,SpaceBourne 2
1587,1216320_shieldwall,1216320,Shieldwall
1588,816020_jumpforce,816020,JUMP FORCE
1589,1489970_highrisecity,1489970,Highrise City
1590,820890_bloodbondintotheshroudenhancededition,820890,Blood Bond - Into the Shroud (Enhanced Edition)
1591,1840080_homeworld3,1840080,Homeworld 3
1592,1546400_gigabash,1546400,GigaBash
1593,1386900_observersystemredux,1386900,Observer: System Redux
1594,2299660_fossilfuel2,2299660,Fossilfuel 2
1595,2967990_tsw5,2704120,256vs256
1596,2782650_machinerunaway,2782650,Machine Runaway
1597,722960_case2animatronicssurvival,722960,CASE 2: Animatronics Survival
1598,2310700_shadowcorridor2,2310700,Shadow Corridor 2 雨ノ四葩
1599,1731070_asterigoscurseofthestars,1731070,Asterigos: Curse of the Stars
1600,1817800_oddsparksanautomationadventure,1817800,Oddsparks: An Automation Adventure
1601,1623940_bramblethemountainking,1623940,Bramble: The Mountain King
1602,1430680_clashartifactsofchaos,1430680,Clash: Artifacts of Chaos
1603,1824220_chivalry2,1824220,Chivalry 2
1604,1426450_ageofdarknessfinalstand,1426450,Age of Darkness: Final Stand
1605,861650_sessionskatesim,861650,Session: Skate Sim
1606,1039890_earthdefenseforceironrain,1039890,EARTH DEFENSE FORCE: IRON RAIN
1607,1556200_predatorhuntinggrounds,1556200,Predator: Hunting Grounds
1608,1622710_oceanhorn2knightsofthelostrealm,1622710,Oceanhorn 2: Knights of the Lost Realm
1609,695330_seasonalettertothefuture,695330,SEASON: A letter to the future
1610,2383990_ghostbustersspiritsunleashed,2383990,Ghostbusters: Spirits Unleashed Ecto Edition
1611,1299510_vampirethemasqueradeswansong,1299510,Vampire: The Masquerade – Swansong
1612,1823950_laysarasummitkingdom,1823950,Laysara: Summit Kingdom
1613,1783680_thalassaedgeoftheabyss,1783680,Thalassa: Edge of the Abyss
1614,953880_firstclasstrouble,953880,First Class Trouble
1615,1630110_gungravegorecompletebundle,1630110,Gungrave G.O.R.E
1616,2021210_dragonquesttreasures,2021210,DRAGON QUEST TREASURES
1617,2051120_hotwheelsunleashedturbocharged,2051120,HOT WHEELS UNLEASHED™ 2 - Turbocharged
1618,1324340_madeinabyss,973450,Ancient Abyss
1619,1522870_supralandsixinchesunder,1522870,Supraland Six Inches Under
1620,1316680_vladikbrutal,1316680,VLADiK BRUTAL
1621,1677110_lightyearfrontier,1677110,Lightyear Frontier
1622,2015240_dwarvenrealms,2015240,Dwarven Realms
1623,492230_spacehulktactics,492230,Space Hulk: Tactics
1624,1155330_showgunnerssecuritybreach,906660,Seacurity Breach
1625,1542110_daydreamforgottensorrow,1542110,Daydream: Forgotten Sorrow
1626,FragPunk,2943650,FragPunk
1630,DarkAndLight,2700060,DarkAndLight
1639,Garten of Banban 4,2383120,Garten of Banban 4
1668,Restaurant Simulator,1952950,Restaurant Simulator
1679,STAR WARS Jedi: Survivor,1774580,STAR WARS Jedi: Survivor™
1704,Mass Effect Legendary Edition,1328670,Mass Effect™ Legendary Edition
1713,Bang-On Balls: Chronicles,1227650,Bang-On Balls: Chronicles
1750,Apsulov: End of Gods,960980,Apsulov: End of Gods
1754,Dead Island 2,934700,Dead Island 2
1760,Tranquility Base Mining Colony: The Moon - Explorer Version,873740,Tranquility Base Mining Colony: The Moon - Explorer Version
1772,Fear the Night,764920,Fear the Night - 恐惧之夜
1774,New Gundam Breaker,738530,New Gundam Breaker
1790,Black Squad,550650,Black Squad
1791,Life is Strange 2,532210,Life is Strange 2
1795,Fishing: Barents Sea,501080,Fishing: Barents Sea
1796,Ben and Ed - Blood Party,500260,Ben and Ed - Blood Party
1801,Outlast 2,414700,Outlast 2
1802,Ben and Ed,395200,Ben and Ed
1805,ARK: Survival Evolved,346110,ARK: Survival Evolved
1808,Frostpunk,323190,Frostpunk
1809,Conarium,313780,Conarium
1810,Goat Simulator,265930,Goat Simulator
1811,Soldier Front 2,239660,Soldier Front 2
1812,Dungeon Defenders II,236110,Dungeon Defenders II
1814,Batman Arkham Knight,208650,Batman™: Arkham Knight
1815,Batman: Arkham City,57400,Batman: Arkham City
1816,Borderlands 2,49520,Borderlands 2
1817,DC Universe Online,24200,DC Universe™ Online
1818,Mass Effect (2007),17460,Mass Effect (2007)
1819,Killing Floor,1250,Killing Floor
